{
  "display": {
    "icon": {
      "item": "minecraft:stone_axe"
    },
    "title": "Banner Placed",
    "description": "Place Banner",
    "frame": "task",
    "show_toast": false,
    "announce_to_chat": false,
    "hidden": true
  },
  "parent": "bannerflags:root",
  "criteria": {
    "placed_banner": {
      "trigger": "minecraft:placed_block",
      "conditions": {
        "player": [
          {
            "condition": "minecraft:entity_properties",
            "entity": "this",
            "predicate": {
              "flags": {
                "is_sneaking": true
              }
            }
          }
        ],
        "location": {
          "block": {
            "blocks": [
              "minecraft:black_wall_banner",
              "minecraft:blue_wall_banner",
              "minecraft:brown_wall_banner",
              "minecraft:cyan_wall_banner",
              "minecraft:gray_wall_banner",
              "minecraft:green_wall_banner",
              "minecraft:light_blue_wall_banner",
              "minecraft:light_gray_wall_banner",
              "minecraft:lime_wall_banner",
              "minecraft:magenta_wall_banner",
              "minecraft:orange_wall_banner",
              "minecraft:pink_wall_banner",
              "minecraft:purple_wall_banner",
              "minecraft:red_wall_banner",
              "minecraft:white_wall_banner",
              "minecraft:yellow_wall_banner"
            ]
          }
        }
      }
    }
  },
  "rewards": {
    "function": "bannerflags:start_ray"
  }
}
