{"pools": [{"rolls": 1, "entries": [{"type": "minecraft:item", "name": "minecraft:stone_button", "functions": [{"function": "minecraft:set_name", "name": {"text": "Smith"}}]}, {"type": "minecraft:item", "name": "minecraft:stone_button", "functions": [{"function": "minecraft:set_name", "name": {"text": "Johnson"}}]}, {"type": "minecraft:item", "name": "minecraft:stone_button", "functions": [{"function": "minecraft:set_name", "name": {"text": "Williams"}}]}, {"type": "minecraft:item", "name": "minecraft:stone_button", "functions": [{"function": "minecraft:set_name", "name": {"text": "Brown"}}]}, {"type": "minecraft:item", "name": "minecraft:stone_button", "functions": [{"function": "minecraft:set_name", "name": {"text": "Jones"}}]}, {"type": "minecraft:item", "name": "minecraft:stone_button", "functions": [{"function": "minecraft:set_name", "name": {"text": "Garcia"}}]}, {"type": "minecraft:item", "name": "minecraft:stone_button", "functions": [{"function": "minecraft:set_name", "name": {"text": "Miller"}}]}, {"type": "minecraft:item", "name": "minecraft:stone_button", "functions": [{"function": "minecraft:set_name", "name": {"text": "Davis"}}]}, {"type": "minecraft:item", "name": "minecraft:stone_button", "functions": [{"function": "minecraft:set_name", "name": {"text": "Rodriguez"}}]}, {"type": "minecraft:item", "name": "minecraft:stone_button", "functions": [{"function": "minecraft:set_name", "name": {"text": "Martinez"}}]}, {"type": "minecraft:item", "name": "minecraft:stone_button", "functions": [{"function": "minecraft:set_name", "name": {"text": "Hernandez"}}]}, {"type": "minecraft:item", "name": "minecraft:stone_button", "functions": [{"function": "minecraft:set_name", "name": {"text": "Lopez"}}]}, {"type": "minecraft:item", "name": "minecraft:stone_button", "functions": [{"function": "minecraft:set_name", "name": {"text": "Gonzales"}}]}, {"type": "minecraft:item", "name": "minecraft:stone_button", "functions": [{"function": "minecraft:set_name", "name": {"text": "Wilson"}}]}, {"type": "minecraft:item", "name": "minecraft:stone_button", "functions": [{"function": "minecraft:set_name", "name": {"text": "Anderson"}}]}, {"type": "minecraft:item", "name": "minecraft:stone_button", "functions": [{"function": "minecraft:set_name", "name": {"text": "Thomas"}}]}, {"type": "minecraft:item", "name": "minecraft:stone_button", "functions": [{"function": "minecraft:set_name", "name": {"text": "Taylor"}}]}, {"type": "minecraft:item", "name": "minecraft:stone_button", "functions": [{"function": "minecraft:set_name", "name": {"text": "Moore"}}]}, {"type": "minecraft:item", "name": "minecraft:stone_button", "functions": [{"function": "minecraft:set_name", "name": {"text": "Jackson"}}]}, {"type": "minecraft:item", "name": "minecraft:stone_button", "functions": [{"function": "minecraft:set_name", "name": {"text": "Martin"}}]}, {"type": "minecraft:item", "name": "minecraft:stone_button", "functions": [{"function": "minecraft:set_name", "name": {"text": "Lee"}}]}, {"type": "minecraft:item", "name": "minecraft:stone_button", "functions": [{"function": "minecraft:set_name", "name": {"text": "Perez"}}]}, {"type": "minecraft:item", "name": "minecraft:stone_button", "functions": [{"function": "minecraft:set_name", "name": {"text": "Thompson"}}]}, {"type": "minecraft:item", "name": "minecraft:stone_button", "functions": [{"function": "minecraft:set_name", "name": {"text": "White"}}]}, {"type": "minecraft:item", "name": "minecraft:stone_button", "functions": [{"function": "minecraft:set_name", "name": {"text": "Harris"}}]}, {"type": "minecraft:item", "name": "minecraft:stone_button", "functions": [{"function": "minecraft:set_name", "name": {"text": "Sanchez"}}]}, {"type": "minecraft:item", "name": "minecraft:stone_button", "functions": [{"function": "minecraft:set_name", "name": {"text": "Clark"}}]}, {"type": "minecraft:item", "name": "minecraft:stone_button", "functions": [{"function": "minecraft:set_name", "name": {"text": "Ramirez"}}]}, {"type": "minecraft:item", "name": "minecraft:stone_button", "functions": [{"function": "minecraft:set_name", "name": {"text": "Lewis"}}]}, {"type": "minecraft:item", "name": "minecraft:stone_button", "functions": [{"function": "minecraft:set_name", "name": {"text": "Robinson"}}]}, {"type": "minecraft:item", "name": "minecraft:stone_button", "functions": [{"function": "minecraft:set_name", "name": {"text": "Walker"}}]}, {"type": "minecraft:item", "name": "minecraft:stone_button", "functions": [{"function": "minecraft:set_name", "name": {"text": "Young"}}]}, {"type": "minecraft:item", "name": "minecraft:stone_button", "functions": [{"function": "minecraft:set_name", "name": {"text": "Allen"}}]}, {"type": "minecraft:item", "name": "minecraft:stone_button", "functions": [{"function": "minecraft:set_name", "name": {"text": "King"}}]}, {"type": "minecraft:item", "name": "minecraft:stone_button", "functions": [{"function": "minecraft:set_name", "name": {"text": "Wright"}}]}, {"type": "minecraft:item", "name": "minecraft:stone_button", "functions": [{"function": "minecraft:set_name", "name": {"text": "Scott"}}]}, {"type": "minecraft:item", "name": "minecraft:stone_button", "functions": [{"function": "minecraft:set_name", "name": {"text": "Torres"}}]}, {"type": "minecraft:item", "name": "minecraft:stone_button", "functions": [{"function": "minecraft:set_name", "name": {"text": "Nguyen"}}]}, {"type": "minecraft:item", "name": "minecraft:stone_button", "functions": [{"function": "minecraft:set_name", "name": {"text": "Hill"}}]}, {"type": "minecraft:item", "name": "minecraft:stone_button", "functions": [{"function": "minecraft:set_name", "name": {"text": "Flores"}}]}, {"type": "minecraft:item", "name": "minecraft:stone_button", "functions": [{"function": "minecraft:set_name", "name": {"text": "Green"}}]}, {"type": "minecraft:item", "name": "minecraft:stone_button", "functions": [{"function": "minecraft:set_name", "name": {"text": "Adams"}}]}, {"type": "minecraft:item", "name": "minecraft:stone_button", "functions": [{"function": "minecraft:set_name", "name": {"text": "Nelson"}}]}, {"type": "minecraft:item", "name": "minecraft:stone_button", "functions": [{"function": "minecraft:set_name", "name": {"text": "Baker"}}]}, {"type": "minecraft:item", "name": "minecraft:stone_button", "functions": [{"function": "minecraft:set_name", "name": {"text": "Hall"}}]}, {"type": "minecraft:item", "name": "minecraft:stone_button", "functions": [{"function": "minecraft:set_name", "name": {"text": "Rivera"}}]}, {"type": "minecraft:item", "name": "minecraft:stone_button", "functions": [{"function": "minecraft:set_name", "name": {"text": "Campbell"}}]}, {"type": "minecraft:item", "name": "minecraft:stone_button", "functions": [{"function": "minecraft:set_name", "name": {"text": "Mitchell"}}]}, {"type": "minecraft:item", "name": "minecraft:stone_button", "functions": [{"function": "minecraft:set_name", "name": {"text": "Carter"}}]}, {"type": "minecraft:item", "name": "minecraft:stone_button", "functions": [{"function": "minecraft:set_name", "name": {"text": "Roberts"}}]}, {"type": "minecraft:item", "name": "minecraft:stone_button", "functions": [{"function": "minecraft:set_name", "name": {"text": "Gomez"}}]}, {"type": "minecraft:item", "name": "minecraft:stone_button", "functions": [{"function": "minecraft:set_name", "name": {"text": "Phillips"}}]}, {"type": "minecraft:item", "name": "minecraft:stone_button", "functions": [{"function": "minecraft:set_name", "name": {"text": "Evans"}}]}, {"type": "minecraft:item", "name": "minecraft:stone_button", "functions": [{"function": "minecraft:set_name", "name": {"text": "Turner"}}]}, {"type": "minecraft:item", "name": "minecraft:stone_button", "functions": [{"function": "minecraft:set_name", "name": {"text": "Diaz"}}]}, {"type": "minecraft:item", "name": "minecraft:stone_button", "functions": [{"function": "minecraft:set_name", "name": {"text": "Parker"}}]}, {"type": "minecraft:item", "name": "minecraft:stone_button", "functions": [{"function": "minecraft:set_name", "name": {"text": "Cruz"}}]}, {"type": "minecraft:item", "name": "minecraft:stone_button", "functions": [{"function": "minecraft:set_name", "name": {"text": "Edwards"}}]}, {"type": "minecraft:item", "name": "minecraft:stone_button", "functions": [{"function": "minecraft:set_name", "name": {"text": "Collins"}}]}, {"type": "minecraft:item", "name": "minecraft:stone_button", "functions": [{"function": "minecraft:set_name", "name": {"text": "Reyes"}}]}, {"type": "minecraft:item", "name": "minecraft:stone_button", "functions": [{"function": "minecraft:set_name", "name": {"text": "Stewart"}}]}, {"type": "minecraft:item", "name": "minecraft:stone_button", "functions": [{"function": "minecraft:set_name", "name": {"text": "Morris"}}]}, {"type": "minecraft:item", "name": "minecraft:stone_button", "functions": [{"function": "minecraft:set_name", "name": {"text": "Morales"}}]}, {"type": "minecraft:item", "name": "minecraft:stone_button", "functions": [{"function": "minecraft:set_name", "name": {"text": "Murphy"}}]}, {"type": "minecraft:item", "name": "minecraft:stone_button", "functions": [{"function": "minecraft:set_name", "name": {"text": "Cook"}}]}, {"type": "minecraft:item", "name": "minecraft:stone_button", "functions": [{"function": "minecraft:set_name", "name": {"text": "Rogers"}}]}, {"type": "minecraft:item", "name": "minecraft:stone_button", "functions": [{"function": "minecraft:set_name", "name": {"text": "Gutierrez"}}]}, {"type": "minecraft:item", "name": "minecraft:stone_button", "functions": [{"function": "minecraft:set_name", "name": {"text": "Ortiz"}}]}, {"type": "minecraft:item", "name": "minecraft:stone_button", "functions": [{"function": "minecraft:set_name", "name": {"text": "Morgan"}}]}, {"type": "minecraft:item", "name": "minecraft:stone_button", "functions": [{"function": "minecraft:set_name", "name": {"text": "Cooper"}}]}, {"type": "minecraft:item", "name": "minecraft:stone_button", "functions": [{"function": "minecraft:set_name", "name": {"text": "Peterson"}}]}, {"type": "minecraft:item", "name": "minecraft:stone_button", "functions": [{"function": "minecraft:set_name", "name": {"text": "Bailey"}}]}, {"type": "minecraft:item", "name": "minecraft:stone_button", "functions": [{"function": "minecraft:set_name", "name": {"text": "Reed"}}]}, {"type": "minecraft:item", "name": "minecraft:stone_button", "functions": [{"function": "minecraft:set_name", "name": {"text": "Kelly"}}]}, {"type": "minecraft:item", "name": "minecraft:stone_button", "functions": [{"function": "minecraft:set_name", "name": {"text": "Howard"}}]}, {"type": "minecraft:item", "name": "minecraft:stone_button", "functions": [{"function": "minecraft:set_name", "name": {"text": "Ramos"}}]}, {"type": "minecraft:item", "name": "minecraft:stone_button", "functions": [{"function": "minecraft:set_name", "name": {"text": "Kim"}}]}, {"type": "minecraft:item", "name": "minecraft:stone_button", "functions": [{"function": "minecraft:set_name", "name": {"text": "Cox"}}]}, {"type": "minecraft:item", "name": "minecraft:stone_button", "functions": [{"function": "minecraft:set_name", "name": {"text": "Ward"}}]}, {"type": "minecraft:item", "name": "minecraft:stone_button", "functions": [{"function": "minecraft:set_name", "name": {"text": "Richardson"}}]}, {"type": "minecraft:item", "name": "minecraft:stone_button", "functions": [{"function": "minecraft:set_name", "name": {"text": "Watson"}}]}, {"type": "minecraft:item", "name": "minecraft:stone_button", "functions": [{"function": "minecraft:set_name", "name": {"text": "Brooks"}}]}, {"type": "minecraft:item", "name": "minecraft:stone_button", "functions": [{"function": "minecraft:set_name", "name": {"text": "Chavez"}}]}, {"type": "minecraft:item", "name": "minecraft:stone_button", "functions": [{"function": "minecraft:set_name", "name": {"text": "Wood"}}]}, {"type": "minecraft:item", "name": "minecraft:stone_button", "functions": [{"function": "minecraft:set_name", "name": {"text": "James"}}]}, {"type": "minecraft:item", "name": "minecraft:stone_button", "functions": [{"function": "minecraft:set_name", "name": {"text": "Bennet"}}]}, {"type": "minecraft:item", "name": "minecraft:stone_button", "functions": [{"function": "minecraft:set_name", "name": {"text": "Gray"}}]}, {"type": "minecraft:item", "name": "minecraft:stone_button", "functions": [{"function": "minecraft:set_name", "name": {"text": "Mendoza"}}]}, {"type": "minecraft:item", "name": "minecraft:stone_button", "functions": [{"function": "minecraft:set_name", "name": {"text": "Ruiz"}}]}, {"type": "minecraft:item", "name": "minecraft:stone_button", "functions": [{"function": "minecraft:set_name", "name": {"text": "Hughes"}}]}, {"type": "minecraft:item", "name": "minecraft:stone_button", "functions": [{"function": "minecraft:set_name", "name": {"text": "Price"}}]}, {"type": "minecraft:item", "name": "minecraft:stone_button", "functions": [{"function": "minecraft:set_name", "name": {"text": "Alvarez"}}]}, {"type": "minecraft:item", "name": "minecraft:stone_button", "functions": [{"function": "minecraft:set_name", "name": {"text": "Castillo"}}]}, {"type": "minecraft:item", "name": "minecraft:stone_button", "functions": [{"function": "minecraft:set_name", "name": {"text": "Sanders"}}]}, {"type": "minecraft:item", "name": "minecraft:stone_button", "functions": [{"function": "minecraft:set_name", "name": {"text": "Patel"}}]}, {"type": "minecraft:item", "name": "minecraft:stone_button", "functions": [{"function": "minecraft:set_name", "name": {"text": "Myers"}}]}, {"type": "minecraft:item", "name": "minecraft:stone_button", "functions": [{"function": "minecraft:set_name", "name": {"text": "Long"}}]}, {"type": "minecraft:item", "name": "minecraft:stone_button", "functions": [{"function": "minecraft:set_name", "name": {"text": "Ross"}}]}, {"type": "minecraft:item", "name": "minecraft:stone_button", "functions": [{"function": "minecraft:set_name", "name": {"text": "Foster"}}]}, {"type": "minecraft:item", "name": "minecraft:stone_button", "functions": [{"function": "minecraft:set_name", "name": {"text": "Jimenez"}}]}]}]}