{"pools": [{"rolls": 1, "entries": [{"type": "minecraft:item", "name": "minecraft:stone_button", "functions": [{"function": "minecraft:set_name", "name": {"text": "James"}}]}, {"type": "minecraft:item", "name": "minecraft:stone_button", "functions": [{"function": "minecraft:set_name", "name": {"text": "Robert"}}]}, {"type": "minecraft:item", "name": "minecraft:stone_button", "functions": [{"function": "minecraft:set_name", "name": {"text": "John"}}]}, {"type": "minecraft:item", "name": "minecraft:stone_button", "functions": [{"function": "minecraft:set_name", "name": {"text": "Michael"}}]}, {"type": "minecraft:item", "name": "minecraft:stone_button", "functions": [{"function": "minecraft:set_name", "name": {"text": "William"}}]}, {"type": "minecraft:item", "name": "minecraft:stone_button", "functions": [{"function": "minecraft:set_name", "name": {"text": "David"}}]}, {"type": "minecraft:item", "name": "minecraft:stone_button", "functions": [{"function": "minecraft:set_name", "name": {"text": "Richard"}}]}, {"type": "minecraft:item", "name": "minecraft:stone_button", "functions": [{"function": "minecraft:set_name", "name": {"text": "Joseph"}}]}, {"type": "minecraft:item", "name": "minecraft:stone_button", "functions": [{"function": "minecraft:set_name", "name": {"text": "Thomas"}}]}, {"type": "minecraft:item", "name": "minecraft:stone_button", "functions": [{"function": "minecraft:set_name", "name": {"text": "Charles"}}]}, {"type": "minecraft:item", "name": "minecraft:stone_button", "functions": [{"function": "minecraft:set_name", "name": {"text": "Christopher"}}]}, {"type": "minecraft:item", "name": "minecraft:stone_button", "functions": [{"function": "minecraft:set_name", "name": {"text": "Daniel"}}]}, {"type": "minecraft:item", "name": "minecraft:stone_button", "functions": [{"function": "minecraft:set_name", "name": {"text": "Matthew"}}]}, {"type": "minecraft:item", "name": "minecraft:stone_button", "functions": [{"function": "minecraft:set_name", "name": {"text": "Anthony"}}]}, {"type": "minecraft:item", "name": "minecraft:stone_button", "functions": [{"function": "minecraft:set_name", "name": {"text": "Mark"}}]}, {"type": "minecraft:item", "name": "minecraft:stone_button", "functions": [{"function": "minecraft:set_name", "name": {"text": "Donald"}}]}, {"type": "minecraft:item", "name": "minecraft:stone_button", "functions": [{"function": "minecraft:set_name", "name": {"text": "Steven"}}]}, {"type": "minecraft:item", "name": "minecraft:stone_button", "functions": [{"function": "minecraft:set_name", "name": {"text": "Paul"}}]}, {"type": "minecraft:item", "name": "minecraft:stone_button", "functions": [{"function": "minecraft:set_name", "name": {"text": "Andrew"}}]}, {"type": "minecraft:item", "name": "minecraft:stone_button", "functions": [{"function": "minecraft:set_name", "name": {"text": "Joshua"}}]}, {"type": "minecraft:item", "name": "minecraft:stone_button", "functions": [{"function": "minecraft:set_name", "name": {"text": "Kenneth"}}]}, {"type": "minecraft:item", "name": "minecraft:stone_button", "functions": [{"function": "minecraft:set_name", "name": {"text": "Kevin"}}]}, {"type": "minecraft:item", "name": "minecraft:stone_button", "functions": [{"function": "minecraft:set_name", "name": {"text": "Brian"}}]}, {"type": "minecraft:item", "name": "minecraft:stone_button", "functions": [{"function": "minecraft:set_name", "name": {"text": "George"}}]}, {"type": "minecraft:item", "name": "minecraft:stone_button", "functions": [{"function": "minecraft:set_name", "name": {"text": "Edward"}}]}, {"type": "minecraft:item", "name": "minecraft:stone_button", "functions": [{"function": "minecraft:set_name", "name": {"text": "Ronald"}}]}, {"type": "minecraft:item", "name": "minecraft:stone_button", "functions": [{"function": "minecraft:set_name", "name": {"text": "Timothy"}}]}, {"type": "minecraft:item", "name": "minecraft:stone_button", "functions": [{"function": "minecraft:set_name", "name": {"text": "Jason"}}]}, {"type": "minecraft:item", "name": "minecraft:stone_button", "functions": [{"function": "minecraft:set_name", "name": {"text": "Jeffrey"}}]}, {"type": "minecraft:item", "name": "minecraft:stone_button", "functions": [{"function": "minecraft:set_name", "name": {"text": "Ryan"}}]}, {"type": "minecraft:item", "name": "minecraft:stone_button", "functions": [{"function": "minecraft:set_name", "name": {"text": "Jacob"}}]}, {"type": "minecraft:item", "name": "minecraft:stone_button", "functions": [{"function": "minecraft:set_name", "name": {"text": "Gary"}}]}, {"type": "minecraft:item", "name": "minecraft:stone_button", "functions": [{"function": "minecraft:set_name", "name": {"text": "Nicholas"}}]}, {"type": "minecraft:item", "name": "minecraft:stone_button", "functions": [{"function": "minecraft:set_name", "name": {"text": "Eric"}}]}, {"type": "minecraft:item", "name": "minecraft:stone_button", "functions": [{"function": "minecraft:set_name", "name": {"text": "Jonathan"}}]}, {"type": "minecraft:item", "name": "minecraft:stone_button", "functions": [{"function": "minecraft:set_name", "name": {"text": "Stephen"}}]}, {"type": "minecraft:item", "name": "minecraft:stone_button", "functions": [{"function": "minecraft:set_name", "name": {"text": "Larry"}}]}, {"type": "minecraft:item", "name": "minecraft:stone_button", "functions": [{"function": "minecraft:set_name", "name": {"text": "Justin"}}]}, {"type": "minecraft:item", "name": "minecraft:stone_button", "functions": [{"function": "minecraft:set_name", "name": {"text": "Scott"}}]}, {"type": "minecraft:item", "name": "minecraft:stone_button", "functions": [{"function": "minecraft:set_name", "name": {"text": "Brandon"}}]}, {"type": "minecraft:item", "name": "minecraft:stone_button", "functions": [{"function": "minecraft:set_name", "name": {"text": "Benjamin"}}]}, {"type": "minecraft:item", "name": "minecraft:stone_button", "functions": [{"function": "minecraft:set_name", "name": {"text": "Samuel"}}]}, {"type": "minecraft:item", "name": "minecraft:stone_button", "functions": [{"function": "minecraft:set_name", "name": {"text": "Gregory"}}]}, {"type": "minecraft:item", "name": "minecraft:stone_button", "functions": [{"function": "minecraft:set_name", "name": {"text": "Frank"}}]}, {"type": "minecraft:item", "name": "minecraft:stone_button", "functions": [{"function": "minecraft:set_name", "name": {"text": "Alexander"}}]}, {"type": "minecraft:item", "name": "minecraft:stone_button", "functions": [{"function": "minecraft:set_name", "name": {"text": "Raymond"}}]}, {"type": "minecraft:item", "name": "minecraft:stone_button", "functions": [{"function": "minecraft:set_name", "name": {"text": "Patrick"}}]}, {"type": "minecraft:item", "name": "minecraft:stone_button", "functions": [{"function": "minecraft:set_name", "name": {"text": "Jack"}}]}, {"type": "minecraft:item", "name": "minecraft:stone_button", "functions": [{"function": "minecraft:set_name", "name": {"text": "Dennis"}}]}, {"type": "minecraft:item", "name": "minecraft:stone_button", "functions": [{"function": "minecraft:set_name", "name": {"text": "Jerry"}}]}, {"type": "minecraft:item", "name": "minecraft:stone_button", "functions": [{"function": "minecraft:set_name", "name": {"text": "Tyler"}}]}, {"type": "minecraft:item", "name": "minecraft:stone_button", "functions": [{"function": "minecraft:set_name", "name": {"text": "Aaron"}}]}, {"type": "minecraft:item", "name": "minecraft:stone_button", "functions": [{"function": "minecraft:set_name", "name": {"text": "Jose"}}]}, {"type": "minecraft:item", "name": "minecraft:stone_button", "functions": [{"function": "minecraft:set_name", "name": {"text": "Adam"}}]}, {"type": "minecraft:item", "name": "minecraft:stone_button", "functions": [{"function": "minecraft:set_name", "name": {"text": "Henry"}}]}, {"type": "minecraft:item", "name": "minecraft:stone_button", "functions": [{"function": "minecraft:set_name", "name": {"text": "Nathan"}}]}, {"type": "minecraft:item", "name": "minecraft:stone_button", "functions": [{"function": "minecraft:set_name", "name": {"text": "Douglas"}}]}, {"type": "minecraft:item", "name": "minecraft:stone_button", "functions": [{"function": "minecraft:set_name", "name": {"text": "Zachary"}}]}, {"type": "minecraft:item", "name": "minecraft:stone_button", "functions": [{"function": "minecraft:set_name", "name": {"text": "Peter"}}]}, {"type": "minecraft:item", "name": "minecraft:stone_button", "functions": [{"function": "minecraft:set_name", "name": {"text": "Kyle"}}]}, {"type": "minecraft:item", "name": "minecraft:stone_button", "functions": [{"function": "minecraft:set_name", "name": {"text": "Walter"}}]}, {"type": "minecraft:item", "name": "minecraft:stone_button", "functions": [{"function": "minecraft:set_name", "name": {"text": "Ethan"}}]}, {"type": "minecraft:item", "name": "minecraft:stone_button", "functions": [{"function": "minecraft:set_name", "name": {"text": "Jeremy"}}]}, {"type": "minecraft:item", "name": "minecraft:stone_button", "functions": [{"function": "minecraft:set_name", "name": {"text": "Harold"}}]}, {"type": "minecraft:item", "name": "minecraft:stone_button", "functions": [{"function": "minecraft:set_name", "name": {"text": "Keith"}}]}, {"type": "minecraft:item", "name": "minecraft:stone_button", "functions": [{"function": "minecraft:set_name", "name": {"text": "Christian"}}]}, {"type": "minecraft:item", "name": "minecraft:stone_button", "functions": [{"function": "minecraft:set_name", "name": {"text": "Roger"}}]}, {"type": "minecraft:item", "name": "minecraft:stone_button", "functions": [{"function": "minecraft:set_name", "name": {"text": "Noah"}}]}, {"type": "minecraft:item", "name": "minecraft:stone_button", "functions": [{"function": "minecraft:set_name", "name": {"text": "Gerald"}}]}, {"type": "minecraft:item", "name": "minecraft:stone_button", "functions": [{"function": "minecraft:set_name", "name": {"text": "Carl"}}]}, {"type": "minecraft:item", "name": "minecraft:stone_button", "functions": [{"function": "minecraft:set_name", "name": {"text": "Terry"}}]}, {"type": "minecraft:item", "name": "minecraft:stone_button", "functions": [{"function": "minecraft:set_name", "name": {"text": "Sean"}}]}, {"type": "minecraft:item", "name": "minecraft:stone_button", "functions": [{"function": "minecraft:set_name", "name": {"text": "Austin"}}]}, {"type": "minecraft:item", "name": "minecraft:stone_button", "functions": [{"function": "minecraft:set_name", "name": {"text": "Arthur"}}]}, {"type": "minecraft:item", "name": "minecraft:stone_button", "functions": [{"function": "minecraft:set_name", "name": {"text": "Lawrence"}}]}, {"type": "minecraft:item", "name": "minecraft:stone_button", "functions": [{"function": "minecraft:set_name", "name": {"text": "Jesse"}}]}, {"type": "minecraft:item", "name": "minecraft:stone_button", "functions": [{"function": "minecraft:set_name", "name": {"text": "Dylan"}}]}, {"type": "minecraft:item", "name": "minecraft:stone_button", "functions": [{"function": "minecraft:set_name", "name": {"text": "Bryan"}}]}, {"type": "minecraft:item", "name": "minecraft:stone_button", "functions": [{"function": "minecraft:set_name", "name": {"text": "Joe"}}]}, {"type": "minecraft:item", "name": "minecraft:stone_button", "functions": [{"function": "minecraft:set_name", "name": {"text": "Jordan"}}]}, {"type": "minecraft:item", "name": "minecraft:stone_button", "functions": [{"function": "minecraft:set_name", "name": {"text": "Billy"}}]}, {"type": "minecraft:item", "name": "minecraft:stone_button", "functions": [{"function": "minecraft:set_name", "name": {"text": "Bruce"}}]}, {"type": "minecraft:item", "name": "minecraft:stone_button", "functions": [{"function": "minecraft:set_name", "name": {"text": "Albert"}}]}, {"type": "minecraft:item", "name": "minecraft:stone_button", "functions": [{"function": "minecraft:set_name", "name": {"text": "Willie"}}]}, {"type": "minecraft:item", "name": "minecraft:stone_button", "functions": [{"function": "minecraft:set_name", "name": {"text": "Gabriel"}}]}, {"type": "minecraft:item", "name": "minecraft:stone_button", "functions": [{"function": "minecraft:set_name", "name": {"text": "Logan"}}]}, {"type": "minecraft:item", "name": "minecraft:stone_button", "functions": [{"function": "minecraft:set_name", "name": {"text": "Alan"}}]}, {"type": "minecraft:item", "name": "minecraft:stone_button", "functions": [{"function": "minecraft:set_name", "name": {"text": "Juan"}}]}, {"type": "minecraft:item", "name": "minecraft:stone_button", "functions": [{"function": "minecraft:set_name", "name": {"text": "Wayne"}}]}, {"type": "minecraft:item", "name": "minecraft:stone_button", "functions": [{"function": "minecraft:set_name", "name": {"text": "Roy"}}]}, {"type": "minecraft:item", "name": "minecraft:stone_button", "functions": [{"function": "minecraft:set_name", "name": {"text": "Ralph"}}]}, {"type": "minecraft:item", "name": "minecraft:stone_button", "functions": [{"function": "minecraft:set_name", "name": {"text": "Randy"}}]}, {"type": "minecraft:item", "name": "minecraft:stone_button", "functions": [{"function": "minecraft:set_name", "name": {"text": "Eugene"}}]}, {"type": "minecraft:item", "name": "minecraft:stone_button", "functions": [{"function": "minecraft:set_name", "name": {"text": "Vincent"}}]}, {"type": "minecraft:item", "name": "minecraft:stone_button", "functions": [{"function": "minecraft:set_name", "name": {"text": "Russell"}}]}, {"type": "minecraft:item", "name": "minecraft:stone_button", "functions": [{"function": "minecraft:set_name", "name": {"text": "Elijah"}}]}, {"type": "minecraft:item", "name": "minecraft:stone_button", "functions": [{"function": "minecraft:set_name", "name": {"text": "Louis"}}]}, {"type": "minecraft:item", "name": "minecraft:stone_button", "functions": [{"function": "minecraft:set_name", "name": {"text": "Bobby"}}]}, {"type": "minecraft:item", "name": "minecraft:stone_button", "functions": [{"function": "minecraft:set_name", "name": {"text": "Philip"}}]}, {"type": "minecraft:item", "name": "minecraft:stone_button", "functions": [{"function": "minecraft:set_name", "name": {"text": "Johnny"}}]}, {"type": "minecraft:item", "name": "minecraft:stone_button", "functions": [{"function": "minecraft:set_name", "name": {"text": "Mary"}}]}, {"type": "minecraft:item", "name": "minecraft:stone_button", "functions": [{"function": "minecraft:set_name", "name": {"text": "Patricia"}}]}, {"type": "minecraft:item", "name": "minecraft:stone_button", "functions": [{"function": "minecraft:set_name", "name": {"text": "Jennifer"}}]}, {"type": "minecraft:item", "name": "minecraft:stone_button", "functions": [{"function": "minecraft:set_name", "name": {"text": "Linda"}}]}, {"type": "minecraft:item", "name": "minecraft:stone_button", "functions": [{"function": "minecraft:set_name", "name": {"text": "Elizabeth"}}]}, {"type": "minecraft:item", "name": "minecraft:stone_button", "functions": [{"function": "minecraft:set_name", "name": {"text": "Barbara"}}]}, {"type": "minecraft:item", "name": "minecraft:stone_button", "functions": [{"function": "minecraft:set_name", "name": {"text": "Susan"}}]}, {"type": "minecraft:item", "name": "minecraft:stone_button", "functions": [{"function": "minecraft:set_name", "name": {"text": "Jessica"}}]}, {"type": "minecraft:item", "name": "minecraft:stone_button", "functions": [{"function": "minecraft:set_name", "name": {"text": "Sarah"}}]}, {"type": "minecraft:item", "name": "minecraft:stone_button", "functions": [{"function": "minecraft:set_name", "name": {"text": "Karen"}}]}, {"type": "minecraft:item", "name": "minecraft:stone_button", "functions": [{"function": "minecraft:set_name", "name": {"text": "Nancy"}}]}, {"type": "minecraft:item", "name": "minecraft:stone_button", "functions": [{"function": "minecraft:set_name", "name": {"text": "Lisa"}}]}, {"type": "minecraft:item", "name": "minecraft:stone_button", "functions": [{"function": "minecraft:set_name", "name": {"text": "Betty"}}]}, {"type": "minecraft:item", "name": "minecraft:stone_button", "functions": [{"function": "minecraft:set_name", "name": {"text": "Margaret"}}]}, {"type": "minecraft:item", "name": "minecraft:stone_button", "functions": [{"function": "minecraft:set_name", "name": {"text": "Sandra"}}]}, {"type": "minecraft:item", "name": "minecraft:stone_button", "functions": [{"function": "minecraft:set_name", "name": {"text": "Ashley"}}]}, {"type": "minecraft:item", "name": "minecraft:stone_button", "functions": [{"function": "minecraft:set_name", "name": {"text": "Kimberly"}}]}, {"type": "minecraft:item", "name": "minecraft:stone_button", "functions": [{"function": "minecraft:set_name", "name": {"text": "Emily"}}]}, {"type": "minecraft:item", "name": "minecraft:stone_button", "functions": [{"function": "minecraft:set_name", "name": {"text": "Donna"}}]}, {"type": "minecraft:item", "name": "minecraft:stone_button", "functions": [{"function": "minecraft:set_name", "name": {"text": "Michelle"}}]}, {"type": "minecraft:item", "name": "minecraft:stone_button", "functions": [{"function": "minecraft:set_name", "name": {"text": "Dorothy"}}]}, {"type": "minecraft:item", "name": "minecraft:stone_button", "functions": [{"function": "minecraft:set_name", "name": {"text": "Carol"}}]}, {"type": "minecraft:item", "name": "minecraft:stone_button", "functions": [{"function": "minecraft:set_name", "name": {"text": "Amanda"}}]}, {"type": "minecraft:item", "name": "minecraft:stone_button", "functions": [{"function": "minecraft:set_name", "name": {"text": "Melissa"}}]}, {"type": "minecraft:item", "name": "minecraft:stone_button", "functions": [{"function": "minecraft:set_name", "name": {"text": "Deborah"}}]}, {"type": "minecraft:item", "name": "minecraft:stone_button", "functions": [{"function": "minecraft:set_name", "name": {"text": "Stephanie"}}]}, {"type": "minecraft:item", "name": "minecraft:stone_button", "functions": [{"function": "minecraft:set_name", "name": {"text": "Rebecca"}}]}, {"type": "minecraft:item", "name": "minecraft:stone_button", "functions": [{"function": "minecraft:set_name", "name": {"text": "Sharon"}}]}, {"type": "minecraft:item", "name": "minecraft:stone_button", "functions": [{"function": "minecraft:set_name", "name": {"text": "Laura"}}]}, {"type": "minecraft:item", "name": "minecraft:stone_button", "functions": [{"function": "minecraft:set_name", "name": {"text": "Cynthia"}}]}, {"type": "minecraft:item", "name": "minecraft:stone_button", "functions": [{"function": "minecraft:set_name", "name": {"text": "Kathleen"}}]}, {"type": "minecraft:item", "name": "minecraft:stone_button", "functions": [{"function": "minecraft:set_name", "name": {"text": "Amy"}}]}, {"type": "minecraft:item", "name": "minecraft:stone_button", "functions": [{"function": "minecraft:set_name", "name": {"text": "Shirley"}}]}, {"type": "minecraft:item", "name": "minecraft:stone_button", "functions": [{"function": "minecraft:set_name", "name": {"text": "Angela"}}]}, {"type": "minecraft:item", "name": "minecraft:stone_button", "functions": [{"function": "minecraft:set_name", "name": {"text": "Helen"}}]}, {"type": "minecraft:item", "name": "minecraft:stone_button", "functions": [{"function": "minecraft:set_name", "name": {"text": "Anna"}}]}, {"type": "minecraft:item", "name": "minecraft:stone_button", "functions": [{"function": "minecraft:set_name", "name": {"text": "Brenda"}}]}, {"type": "minecraft:item", "name": "minecraft:stone_button", "functions": [{"function": "minecraft:set_name", "name": {"text": "Pamela"}}]}, {"type": "minecraft:item", "name": "minecraft:stone_button", "functions": [{"function": "minecraft:set_name", "name": {"text": "Nicole"}}]}, {"type": "minecraft:item", "name": "minecraft:stone_button", "functions": [{"function": "minecraft:set_name", "name": {"text": "Emma"}}]}, {"type": "minecraft:item", "name": "minecraft:stone_button", "functions": [{"function": "minecraft:set_name", "name": {"text": "Samantha"}}]}, {"type": "minecraft:item", "name": "minecraft:stone_button", "functions": [{"function": "minecraft:set_name", "name": {"text": "Katherine"}}]}, {"type": "minecraft:item", "name": "minecraft:stone_button", "functions": [{"function": "minecraft:set_name", "name": {"text": "Christine"}}]}, {"type": "minecraft:item", "name": "minecraft:stone_button", "functions": [{"function": "minecraft:set_name", "name": {"text": "Debra"}}]}, {"type": "minecraft:item", "name": "minecraft:stone_button", "functions": [{"function": "minecraft:set_name", "name": {"text": "Rachel"}}]}, {"type": "minecraft:item", "name": "minecraft:stone_button", "functions": [{"function": "minecraft:set_name", "name": {"text": "Catherine"}}]}, {"type": "minecraft:item", "name": "minecraft:stone_button", "functions": [{"function": "minecraft:set_name", "name": {"text": "Carolyn"}}]}, {"type": "minecraft:item", "name": "minecraft:stone_button", "functions": [{"function": "minecraft:set_name", "name": {"text": "Janet"}}]}, {"type": "minecraft:item", "name": "minecraft:stone_button", "functions": [{"function": "minecraft:set_name", "name": {"text": "Ruth"}}]}, {"type": "minecraft:item", "name": "minecraft:stone_button", "functions": [{"function": "minecraft:set_name", "name": {"text": "Maria"}}]}, {"type": "minecraft:item", "name": "minecraft:stone_button", "functions": [{"function": "minecraft:set_name", "name": {"text": "Heather"}}]}, {"type": "minecraft:item", "name": "minecraft:stone_button", "functions": [{"function": "minecraft:set_name", "name": {"text": "Diane"}}]}, {"type": "minecraft:item", "name": "minecraft:stone_button", "functions": [{"function": "minecraft:set_name", "name": {"text": "Virginia"}}]}, {"type": "minecraft:item", "name": "minecraft:stone_button", "functions": [{"function": "minecraft:set_name", "name": {"text": "Julie"}}]}, {"type": "minecraft:item", "name": "minecraft:stone_button", "functions": [{"function": "minecraft:set_name", "name": {"text": "Joyce"}}]}, {"type": "minecraft:item", "name": "minecraft:stone_button", "functions": [{"function": "minecraft:set_name", "name": {"text": "Victoria"}}]}, {"type": "minecraft:item", "name": "minecraft:stone_button", "functions": [{"function": "minecraft:set_name", "name": {"text": "Olivia"}}]}, {"type": "minecraft:item", "name": "minecraft:stone_button", "functions": [{"function": "minecraft:set_name", "name": {"text": "Kelly"}}]}, {"type": "minecraft:item", "name": "minecraft:stone_button", "functions": [{"function": "minecraft:set_name", "name": {"text": "Christina"}}]}, {"type": "minecraft:item", "name": "minecraft:stone_button", "functions": [{"function": "minecraft:set_name", "name": {"text": "Lauren"}}]}, {"type": "minecraft:item", "name": "minecraft:stone_button", "functions": [{"function": "minecraft:set_name", "name": {"text": "Joan"}}]}, {"type": "minecraft:item", "name": "minecraft:stone_button", "functions": [{"function": "minecraft:set_name", "name": {"text": "Evelyn"}}]}, {"type": "minecraft:item", "name": "minecraft:stone_button", "functions": [{"function": "minecraft:set_name", "name": {"text": "Judith"}}]}, {"type": "minecraft:item", "name": "minecraft:stone_button", "functions": [{"function": "minecraft:set_name", "name": {"text": "Megan"}}]}, {"type": "minecraft:item", "name": "minecraft:stone_button", "functions": [{"function": "minecraft:set_name", "name": {"text": "Cheryl"}}]}, {"type": "minecraft:item", "name": "minecraft:stone_button", "functions": [{"function": "minecraft:set_name", "name": {"text": "Andrea"}}]}, {"type": "minecraft:item", "name": "minecraft:stone_button", "functions": [{"function": "minecraft:set_name", "name": {"text": "Hannah"}}]}, {"type": "minecraft:item", "name": "minecraft:stone_button", "functions": [{"function": "minecraft:set_name", "name": {"text": "Martha"}}]}, {"type": "minecraft:item", "name": "minecraft:stone_button", "functions": [{"function": "minecraft:set_name", "name": {"text": "Jacqueline"}}]}, {"type": "minecraft:item", "name": "minecraft:stone_button", "functions": [{"function": "minecraft:set_name", "name": {"text": "Frances"}}]}, {"type": "minecraft:item", "name": "minecraft:stone_button", "functions": [{"function": "minecraft:set_name", "name": {"text": "Gloria"}}]}, {"type": "minecraft:item", "name": "minecraft:stone_button", "functions": [{"function": "minecraft:set_name", "name": {"text": "Ann"}}]}, {"type": "minecraft:item", "name": "minecraft:stone_button", "functions": [{"function": "minecraft:set_name", "name": {"text": "Teresa"}}]}, {"type": "minecraft:item", "name": "minecraft:stone_button", "functions": [{"function": "minecraft:set_name", "name": {"text": "Kathryn"}}]}, {"type": "minecraft:item", "name": "minecraft:stone_button", "functions": [{"function": "minecraft:set_name", "name": {"text": "Sara"}}]}, {"type": "minecraft:item", "name": "minecraft:stone_button", "functions": [{"function": "minecraft:set_name", "name": {"text": "Janice"}}]}, {"type": "minecraft:item", "name": "minecraft:stone_button", "functions": [{"function": "minecraft:set_name", "name": {"text": "Jean"}}]}, {"type": "minecraft:item", "name": "minecraft:stone_button", "functions": [{"function": "minecraft:set_name", "name": {"text": "Alice"}}]}, {"type": "minecraft:item", "name": "minecraft:stone_button", "functions": [{"function": "minecraft:set_name", "name": {"text": "Madison"}}]}, {"type": "minecraft:item", "name": "minecraft:stone_button", "functions": [{"function": "minecraft:set_name", "name": {"text": "Doris"}}]}, {"type": "minecraft:item", "name": "minecraft:stone_button", "functions": [{"function": "minecraft:set_name", "name": {"text": "Abigail"}}]}, {"type": "minecraft:item", "name": "minecraft:stone_button", "functions": [{"function": "minecraft:set_name", "name": {"text": "Julia"}}]}, {"type": "minecraft:item", "name": "minecraft:stone_button", "functions": [{"function": "minecraft:set_name", "name": {"text": "Judy"}}]}, {"type": "minecraft:item", "name": "minecraft:stone_button", "functions": [{"function": "minecraft:set_name", "name": {"text": "Grace"}}]}, {"type": "minecraft:item", "name": "minecraft:stone_button", "functions": [{"function": "minecraft:set_name", "name": {"text": "Denise"}}]}, {"type": "minecraft:item", "name": "minecraft:stone_button", "functions": [{"function": "minecraft:set_name", "name": {"text": "Amber"}}]}, {"type": "minecraft:item", "name": "minecraft:stone_button", "functions": [{"function": "minecraft:set_name", "name": {"text": "Marilyn"}}]}, {"type": "minecraft:item", "name": "minecraft:stone_button", "functions": [{"function": "minecraft:set_name", "name": {"text": "Beverly"}}]}, {"type": "minecraft:item", "name": "minecraft:stone_button", "functions": [{"function": "minecraft:set_name", "name": {"text": "Danielle"}}]}, {"type": "minecraft:item", "name": "minecraft:stone_button", "functions": [{"function": "minecraft:set_name", "name": {"text": "Theresa"}}]}, {"type": "minecraft:item", "name": "minecraft:stone_button", "functions": [{"function": "minecraft:set_name", "name": {"text": "Sophia"}}]}, {"type": "minecraft:item", "name": "minecraft:stone_button", "functions": [{"function": "minecraft:set_name", "name": {"text": "Marie"}}]}, {"type": "minecraft:item", "name": "minecraft:stone_button", "functions": [{"function": "minecraft:set_name", "name": {"text": "Diana"}}]}, {"type": "minecraft:item", "name": "minecraft:stone_button", "functions": [{"function": "minecraft:set_name", "name": {"text": "Brittany"}}]}, {"type": "minecraft:item", "name": "minecraft:stone_button", "functions": [{"function": "minecraft:set_name", "name": {"text": "Natalie"}}]}, {"type": "minecraft:item", "name": "minecraft:stone_button", "functions": [{"function": "minecraft:set_name", "name": {"text": "Isabella"}}]}, {"type": "minecraft:item", "name": "minecraft:stone_button", "functions": [{"function": "minecraft:set_name", "name": {"text": "Charlotte"}}]}, {"type": "minecraft:item", "name": "minecraft:stone_button", "functions": [{"function": "minecraft:set_name", "name": {"text": "Rose"}}]}, {"type": "minecraft:item", "name": "minecraft:stone_button", "functions": [{"function": "minecraft:set_name", "name": {"text": "Alexis"}}]}, {"type": "minecraft:item", "name": "minecraft:stone_button", "functions": [{"function": "minecraft:set_name", "name": {"text": "Kayla"}}]}]}]}