{"pools": [{"rolls": 1, "entries": [{"type": "minecraft:item", "name": "minecraft:stone_button", "functions": [{"function": "minecraft:set_name", "name": {"color": "green", "text": "Marilyn Monroe"}}]}, {"type": "minecraft:item", "name": "minecraft:stone_button", "functions": [{"function": "minecraft:set_name", "name": {"color": "green", "text": "Abraham Lincoln"}}]}, {"type": "minecraft:item", "name": "minecraft:stone_button", "functions": [{"function": "minecraft:set_name", "name": {"color": "green", "text": "Nelson Mandela"}}]}, {"type": "minecraft:item", "name": "minecraft:stone_button", "functions": [{"function": "minecraft:set_name", "name": {"color": "green", "text": "John F. Kennedy"}}]}, {"type": "minecraft:item", "name": "minecraft:stone_button", "functions": [{"function": "minecraft:set_name", "name": {"color": "green", "text": "Martin Luther King"}}]}, {"type": "minecraft:item", "name": "minecraft:stone_button", "functions": [{"function": "minecraft:set_name", "name": {"color": "green", "text": "Queen Elizabeth\u00a0II"}}]}, {"type": "minecraft:item", "name": "minecraft:stone_button", "functions": [{"function": "minecraft:set_name", "name": {"color": "green", "text": "Winston Churchill"}}]}, {"type": "minecraft:item", "name": "minecraft:stone_button", "functions": [{"function": "minecraft:set_name", "name": {"color": "green", "text": "Donald Trump"}}]}, {"type": "minecraft:item", "name": "minecraft:stone_button", "functions": [{"function": "minecraft:set_name", "name": {"color": "green", "text": "Bill Gates"}}]}, {"type": "minecraft:item", "name": "minecraft:stone_button", "functions": [{"function": "minecraft:set_name", "name": {"color": "green", "text": "Muhammad Ali"}}]}, {"type": "minecraft:item", "name": "minecraft:stone_button", "functions": [{"function": "minecraft:set_name", "name": {"color": "green", "text": "Mahatma Gandhi"}}]}, {"type": "minecraft:item", "name": "minecraft:stone_button", "functions": [{"function": "minecraft:set_name", "name": {"color": "green", "text": "Mother Teresa"}}]}, {"type": "minecraft:item", "name": "minecraft:stone_button", "functions": [{"function": "minecraft:set_name", "name": {"color": "green", "text": "Christopher Columbus"}}]}, {"type": "minecraft:item", "name": "minecraft:stone_button", "functions": [{"function": "minecraft:set_name", "name": {"color": "green", "text": "Charles Darwin"}}]}, {"type": "minecraft:item", "name": "minecraft:stone_button", "functions": [{"function": "minecraft:set_name", "name": {"color": "green", "text": "Elvis Presley"}}]}, {"type": "minecraft:item", "name": "minecraft:stone_button", "functions": [{"function": "minecraft:set_name", "name": {"color": "green", "text": "Albert Einstein"}}]}, {"type": "minecraft:item", "name": "minecraft:stone_button", "functions": [{"function": "minecraft:set_name", "name": {"color": "green", "text": "Paul McCartney"}}]}, {"type": "minecraft:item", "name": "minecraft:stone_button", "functions": [{"function": "minecraft:set_name", "name": {"color": "green", "text": "Queen Victoria"}}]}, {"type": "minecraft:item", "name": "minecraft:stone_button", "functions": [{"function": "minecraft:set_name", "name": {"color": "green", "text": "Pope Francis"}}]}, {"type": "minecraft:item", "name": "minecraft:stone_button", "functions": [{"function": "minecraft:set_name", "name": {"color": "green", "text": "Jawaharlal Nehru"}}]}, {"type": "minecraft:item", "name": "minecraft:stone_button", "functions": [{"function": "minecraft:set_name", "name": {"color": "green", "text": "Leonardo da Vinci"}}]}, {"type": "minecraft:item", "name": "minecraft:stone_button", "functions": [{"function": "minecraft:set_name", "name": {"color": "green", "text": "Vincent Van Gogh"}}]}, {"type": "minecraft:item", "name": "minecraft:stone_button", "functions": [{"function": "minecraft:set_name", "name": {"color": "green", "text": "Franklin D. Roosevelt"}}]}, {"type": "minecraft:item", "name": "minecraft:stone_button", "functions": [{"function": "minecraft:set_name", "name": {"color": "green", "text": "Pope John Paul II"}}]}, {"type": "minecraft:item", "name": "minecraft:stone_button", "functions": [{"function": "minecraft:set_name", "name": {"color": "green", "text": "Thomas Edison"}}]}, {"type": "minecraft:item", "name": "minecraft:stone_button", "functions": [{"function": "minecraft:set_name", "name": {"color": "green", "text": "Rosa Parks"}}]}, {"type": "minecraft:item", "name": "minecraft:stone_button", "functions": [{"function": "minecraft:set_name", "name": {"color": "green", "text": "Lyndon Johnson"}}]}, {"type": "minecraft:item", "name": "minecraft:stone_button", "functions": [{"function": "minecraft:set_name", "name": {"color": "green", "text": "Ludwig Beethoven"}}]}, {"type": "minecraft:item", "name": "minecraft:stone_button", "functions": [{"function": "minecraft:set_name", "name": {"color": "green", "text": "Oprah Winfrey"}}]}, {"type": "minecraft:item", "name": "minecraft:stone_button", "functions": [{"function": "minecraft:set_name", "name": {"color": "green", "text": "Indira Gandhi"}}]}, {"type": "minecraft:item", "name": "minecraft:stone_button", "functions": [{"function": "minecraft:set_name", "name": {"color": "green", "text": "Eva Peron"}}]}, {"type": "minecraft:item", "name": "minecraft:stone_button", "functions": [{"function": "minecraft:set_name", "name": {"color": "green", "text": "Benazir Bhutto"}}]}, {"type": "minecraft:item", "name": "minecraft:stone_button", "functions": [{"function": "minecraft:set_name", "name": {"color": "green", "text": "George Orwell"}}]}, {"type": "minecraft:item", "name": "minecraft:stone_button", "functions": [{"function": "minecraft:set_name", "name": {"color": "green", "text": "Desmond Tutu"}}]}, {"type": "minecraft:item", "name": "minecraft:stone_button", "functions": [{"function": "minecraft:set_name", "name": {"color": "green", "text": "Dalai Lama"}}]}, {"type": "minecraft:item", "name": "minecraft:stone_button", "functions": [{"function": "minecraft:set_name", "name": {"color": "green", "text": "Walt Disney"}}]}, {"type": "minecraft:item", "name": "minecraft:stone_button", "functions": [{"function": "minecraft:set_name", "name": {"color": "green", "text": "Neil Armstrong"}}]}, {"type": "minecraft:item", "name": "minecraft:stone_button", "functions": [{"function": "minecraft:set_name", "name": {"color": "green", "text": "Peter Sellers"}}]}, {"type": "minecraft:item", "name": "minecraft:stone_button", "functions": [{"function": "minecraft:set_name", "name": {"color": "green", "text": "Barack Obama"}}]}, {"type": "minecraft:item", "name": "minecraft:stone_button", "functions": [{"function": "minecraft:set_name", "name": {"color": "green", "text": "Malcolm X"}}]}, {"type": "minecraft:item", "name": "minecraft:stone_button", "functions": [{"function": "minecraft:set_name", "name": {"color": "green", "text": "J.K.Rowling"}}]}, {"type": "minecraft:item", "name": "minecraft:stone_button", "functions": [{"function": "minecraft:set_name", "name": {"color": "green", "text": "Richard Branson"}}]}, {"type": "minecraft:item", "name": "minecraft:stone_button", "functions": [{"function": "minecraft:set_name", "name": {"color": "green", "text": "Pele"}}]}, {"type": "minecraft:item", "name": "minecraft:stone_button", "functions": [{"function": "minecraft:set_name", "name": {"color": "green", "text": "Angelina Jolie"}}]}, {"type": "minecraft:item", "name": "minecraft:stone_button", "functions": [{"function": "minecraft:set_name", "name": {"color": "green", "text": "Jesse Owens"}}]}, {"type": "minecraft:item", "name": "minecraft:stone_button", "functions": [{"function": "minecraft:set_name", "name": {"color": "green", "text": "John Lennon"}}]}, {"type": "minecraft:item", "name": "minecraft:stone_button", "functions": [{"function": "minecraft:set_name", "name": {"color": "green", "text": "Henry Ford"}}]}, {"type": "minecraft:item", "name": "minecraft:stone_button", "functions": [{"function": "minecraft:set_name", "name": {"color": "green", "text": "Haile Selassie"}}]}, {"type": "minecraft:item", "name": "minecraft:stone_button", "functions": [{"function": "minecraft:set_name", "name": {"color": "green", "text": "Joseph Stalin"}}]}, {"type": "minecraft:item", "name": "minecraft:stone_button", "functions": [{"function": "minecraft:set_name", "name": {"color": "green", "text": "Lord Baden Powell"}}]}, {"type": "minecraft:item", "name": "minecraft:stone_button", "functions": [{"function": "minecraft:set_name", "name": {"color": "green", "text": "Michael Jordon"}}]}, {"type": "minecraft:item", "name": "minecraft:stone_button", "functions": [{"function": "minecraft:set_name", "name": {"color": "green", "text": "George Bush Jnr"}}]}, {"type": "minecraft:item", "name": "minecraft:stone_button", "functions": [{"function": "minecraft:set_name", "name": {"color": "green", "text": "Vladimir Lenin"}}]}, {"type": "minecraft:item", "name": "minecraft:stone_button", "functions": [{"function": "minecraft:set_name", "name": {"color": "green", "text": "Ingrid Bergman"}}]}, {"type": "minecraft:item", "name": "minecraft:stone_button", "functions": [{"function": "minecraft:set_name", "name": {"color": "green", "text": "Fidel Castro"}}]}, {"type": "minecraft:item", "name": "minecraft:stone_button", "functions": [{"function": "minecraft:set_name", "name": {"color": "green", "text": "Leo Tolstoy"}}]}, {"type": "minecraft:item", "name": "minecraft:stone_button", "functions": [{"function": "minecraft:set_name", "name": {"color": "green", "text": "Greta Thunberg"}}]}, {"type": "minecraft:item", "name": "minecraft:stone_button", "functions": [{"function": "minecraft:set_name", "name": {"color": "green", "text": "Pablo Picasso"}}]}, {"type": "minecraft:item", "name": "minecraft:stone_button", "functions": [{"function": "minecraft:set_name", "name": {"color": "green", "text": "Oscar Wilde"}}]}, {"type": "minecraft:item", "name": "minecraft:stone_button", "functions": [{"function": "minecraft:set_name", "name": {"color": "green", "text": "Coco Chanel"}}]}, {"type": "minecraft:item", "name": "minecraft:stone_button", "functions": [{"function": "minecraft:set_name", "name": {"color": "green", "text": "Charles de Gaulle"}}]}, {"type": "minecraft:item", "name": "minecraft:stone_button", "functions": [{"function": "minecraft:set_name", "name": {"color": "green", "text": "Amelia Earhart"}}]}, {"type": "minecraft:item", "name": "minecraft:stone_button", "functions": [{"function": "minecraft:set_name", "name": {"color": "green", "text": "John M Keynes"}}]}, {"type": "minecraft:item", "name": "minecraft:stone_button", "functions": [{"function": "minecraft:set_name", "name": {"color": "green", "text": "Louis Pasteur"}}]}, {"type": "minecraft:item", "name": "minecraft:stone_button", "functions": [{"function": "minecraft:set_name", "name": {"color": "green", "text": "Mikhail Gorbachev"}}]}, {"type": "minecraft:item", "name": "minecraft:stone_button", "functions": [{"function": "minecraft:set_name", "name": {"color": "green", "text": "Plato"}}]}, {"type": "minecraft:item", "name": "minecraft:stone_button", "functions": [{"function": "minecraft:set_name", "name": {"color": "green", "text": "Adolf Hitler"}}]}, {"type": "minecraft:item", "name": "minecraft:stone_button", "functions": [{"function": "minecraft:set_name", "name": {"color": "green", "text": "Sting"}}]}, {"type": "minecraft:item", "name": "minecraft:stone_button", "functions": [{"function": "minecraft:set_name", "name": {"color": "green", "text": "Mary Magdalene"}}]}, {"type": "minecraft:item", "name": "minecraft:stone_button", "functions": [{"function": "minecraft:set_name", "name": {"color": "green", "text": "Alfred Hitchcock"}}]}, {"type": "minecraft:item", "name": "minecraft:stone_button", "functions": [{"function": "minecraft:set_name", "name": {"color": "green", "text": "Michael Jackson"}}]}, {"type": "minecraft:item", "name": "minecraft:stone_button", "functions": [{"function": "minecraft:set_name", "name": {"color": "green", "text": "Madonna"}}]}, {"type": "minecraft:item", "name": "minecraft:stone_button", "functions": [{"function": "minecraft:set_name", "name": {"color": "green", "text": "Mata Hari"}}]}, {"type": "minecraft:item", "name": "minecraft:stone_button", "functions": [{"function": "minecraft:set_name", "name": {"color": "green", "text": "Cleopatra"}}]}, {"type": "minecraft:item", "name": "minecraft:stone_button", "functions": [{"function": "minecraft:set_name", "name": {"color": "green", "text": "Grace Kelly"}}]}, {"type": "minecraft:item", "name": "minecraft:stone_button", "functions": [{"function": "minecraft:set_name", "name": {"color": "green", "text": "Malala Yousafzai"}}]}, {"type": "minecraft:item", "name": "minecraft:stone_button", "functions": [{"function": "minecraft:set_name", "name": {"color": "green", "text": "Steve Jobs"}}]}, {"type": "minecraft:item", "name": "minecraft:stone_button", "functions": [{"function": "minecraft:set_name", "name": {"color": "green", "text": "Ronald Reagan"}}]}, {"type": "minecraft:item", "name": "minecraft:stone_button", "functions": [{"function": "minecraft:set_name", "name": {"color": "green", "text": "Lionel Messi"}}]}, {"type": "minecraft:item", "name": "minecraft:stone_button", "functions": [{"function": "minecraft:set_name", "name": {"color": "green", "text": "Babe Ruth"}}]}, {"type": "minecraft:item", "name": "minecraft:stone_button", "functions": [{"function": "minecraft:set_name", "name": {"color": "green", "text": "Bob Geldof"}}]}, {"type": "minecraft:item", "name": "minecraft:stone_button", "functions": [{"function": "minecraft:set_name", "name": {"color": "green", "text": "Roger Federer"}}]}, {"type": "minecraft:item", "name": "minecraft:stone_button", "functions": [{"function": "minecraft:set_name", "name": {"color": "green", "text": "Sigmund Freud"}}]}, {"type": "minecraft:item", "name": "minecraft:stone_button", "functions": [{"function": "minecraft:set_name", "name": {"color": "green", "text": "Woodrow Wilson"}}]}, {"type": "minecraft:item", "name": "minecraft:stone_button", "functions": [{"function": "minecraft:set_name", "name": {"color": "green", "text": "Mao Zedong"}}]}, {"type": "minecraft:item", "name": "minecraft:stone_button", "functions": [{"function": "minecraft:set_name", "name": {"color": "green", "text": "Katherine Hepburn"}}]}, {"type": "minecraft:item", "name": "minecraft:stone_button", "functions": [{"function": "minecraft:set_name", "name": {"color": "green", "text": "Audrey Hepburn"}}]}, {"type": "minecraft:item", "name": "minecraft:stone_button", "functions": [{"function": "minecraft:set_name", "name": {"color": "green", "text": "David Beckham"}}]}, {"type": "minecraft:item", "name": "minecraft:stone_button", "functions": [{"function": "minecraft:set_name", "name": {"color": "green", "text": "Tiger Woods"}}]}, {"type": "minecraft:item", "name": "minecraft:stone_button", "functions": [{"function": "minecraft:set_name", "name": {"color": "green", "text": "Usain Bolt"}}]}, {"type": "minecraft:item", "name": "minecraft:stone_button", "functions": [{"function": "minecraft:set_name", "name": {"color": "green", "text": "Carl Lewis"}}]}, {"type": "minecraft:item", "name": "minecraft:stone_button", "functions": [{"function": "minecraft:set_name", "name": {"color": "green", "text": "Prince Charles"}}]}, {"type": "minecraft:item", "name": "minecraft:stone_button", "functions": [{"function": "minecraft:set_name", "name": {"color": "green", "text": "Jacqueline Kennedy Onassis"}}]}, {"type": "minecraft:item", "name": "minecraft:stone_button", "functions": [{"function": "minecraft:set_name", "name": {"color": "green", "text": "C.S. Lewis"}}]}, {"type": "minecraft:item", "name": "minecraft:stone_button", "functions": [{"function": "minecraft:set_name", "name": {"color": "green", "text": "Billie Holiday"}}]}, {"type": "minecraft:item", "name": "minecraft:stone_button", "functions": [{"function": "minecraft:set_name", "name": {"color": "green", "text": "J.R.R. Tolkien"}}]}, {"type": "minecraft:item", "name": "minecraft:stone_button", "functions": [{"function": "minecraft:set_name", "name": {"color": "green", "text": "Billie Jean King"}}]}, {"type": "minecraft:item", "name": "minecraft:stone_button", "functions": [{"function": "minecraft:set_name", "name": {"color": "green", "text": "Margaret Thatcher"}}]}, {"type": "minecraft:item", "name": "minecraft:stone_button", "functions": [{"function": "minecraft:set_name", "name": {"color": "green", "text": "Anne Frank"}}]}, {"type": "minecraft:item", "name": "minecraft:stone_button", "functions": [{"function": "minecraft:set_name", "name": {"color": "green", "text": "Simon Bolivar"}}]}, {"type": "minecraft:item", "name": "minecraft:stone_button", "functions": [{"function": "minecraft:set_name", "name": {"color": "green", "text": "Marie Antoinette"}}]}, {"type": "minecraft:item", "name": "minecraft:stone_button", "functions": [{"function": "minecraft:set_name", "name": {"color": "green", "text": "Cristiano Ronaldo"}}]}, {"type": "minecraft:item", "name": "minecraft:stone_button", "functions": [{"function": "minecraft:set_name", "name": {"color": "green", "text": "Emmeline Pankhurst\u00a0"}}]}, {"type": "minecraft:item", "name": "minecraft:stone_button", "functions": [{"function": "minecraft:set_name", "name": {"color": "green", "text": "Emile Zatopek"}}]}, {"type": "minecraft:item", "name": "minecraft:stone_button", "functions": [{"function": "minecraft:set_name", "name": {"color": "green", "text": "Lech Walesa"}}]}, {"type": "minecraft:item", "name": "minecraft:stone_button", "functions": [{"function": "minecraft:set_name", "name": {"color": "green", "text": "Julie Andrews"}}]}, {"type": "minecraft:item", "name": "minecraft:stone_button", "functions": [{"function": "minecraft:set_name", "name": {"color": "green", "text": "Florence Nightingale"}}]}, {"type": "minecraft:item", "name": "minecraft:stone_button", "functions": [{"function": "minecraft:set_name", "name": {"color": "green", "text": "Marie Curie"}}]}, {"type": "minecraft:item", "name": "minecraft:stone_button", "functions": [{"function": "minecraft:set_name", "name": {"color": "green", "text": "Stephen Hawking"}}]}, {"type": "minecraft:item", "name": "minecraft:stone_button", "functions": [{"function": "minecraft:set_name", "name": {"color": "green", "text": "Tim Berners Lee"}}]}, {"type": "minecraft:item", "name": "minecraft:stone_button", "functions": [{"function": "minecraft:set_name", "name": {"color": "green", "text": "Aung San Suu Kyi"}}]}, {"type": "minecraft:item", "name": "minecraft:stone_button", "functions": [{"function": "minecraft:set_name", "name": {"color": "green", "text": "Lance Armstrong"}}]}, {"type": "minecraft:item", "name": "minecraft:stone_button", "functions": [{"function": "minecraft:set_name", "name": {"color": "green", "text": "Shakira"}}]}, {"type": "minecraft:item", "name": "minecraft:stone_button", "functions": [{"function": "minecraft:set_name", "name": {"color": "green", "text": "Jon Stewart"}}]}, {"type": "minecraft:item", "name": "minecraft:stone_button", "functions": [{"function": "minecraft:set_name", "name": {"color": "green", "text": "Wright Brothers\u00a0\u00a0Orville"}}]}, {"type": "minecraft:item", "name": "minecraft:stone_button", "functions": [{"function": "minecraft:set_name", "name": {"color": "green", "text": "Ernest Hemingway"}}]}, {"type": "minecraft:item", "name": "minecraft:stone_button", "functions": [{"function": "minecraft:set_name", "name": {"color": "green", "text": "Roman Abramovich"}}]}, {"type": "minecraft:item", "name": "minecraft:stone_button", "functions": [{"function": "minecraft:set_name", "name": {"color": "green", "text": "Tom Cruise"}}]}, {"type": "minecraft:item", "name": "minecraft:stone_button", "functions": [{"function": "minecraft:set_name", "name": {"color": "green", "text": "Rupert Murdoch"}}]}, {"type": "minecraft:item", "name": "minecraft:stone_button", "functions": [{"function": "minecraft:set_name", "name": {"color": "green", "text": "Al Gore"}}]}, {"type": "minecraft:item", "name": "minecraft:stone_button", "functions": [{"function": "minecraft:set_name", "name": {"color": "green", "text": "Sacha Baron Cohen"}}]}, {"type": "minecraft:item", "name": "minecraft:stone_button", "functions": [{"function": "minecraft:set_name", "name": {"color": "green", "text": "George Clooney"}}]}, {"type": "minecraft:item", "name": "minecraft:stone_button", "functions": [{"function": "minecraft:set_name", "name": {"color": "green", "text": "Paul Krugman"}}]}, {"type": "minecraft:item", "name": "minecraft:stone_button", "functions": [{"function": "minecraft:set_name", "name": {"color": "green", "text": "Jimmy Wales"}}]}, {"type": "minecraft:item", "name": "minecraft:stone_button", "functions": [{"function": "minecraft:set_name", "name": {"color": "green", "text": "Brad Pitt"}}]}, {"type": "minecraft:item", "name": "minecraft:stone_button", "functions": [{"function": "minecraft:set_name", "name": {"color": "green", "text": "Kylie Minogue"}}]}, {"type": "minecraft:item", "name": "minecraft:stone_button", "functions": [{"function": "minecraft:set_name", "name": {"color": "green", "text": "Stephen King"}}]}]}]}