{"parent": "tdp.485:villager_names", "display": {"frame": "challenge", "icon": {"item": "minecraft:player_head", "nbt": "{SkullOwner:{Id:[I;-2006877142,-384875049,-1492250694,848030804],Properties:{textures:[{Value:\"eyJ0ZXh0dXJlcyI6eyJTS0lOIjp7InVybCI6Imh0dHA6Ly90ZXh0dXJlcy5taW5lY3JhZnQubmV0L3RleHR1cmUvMjkyMDA5YTQ5MjViNThmMDJjNzdkYWRjM2VjZWYwN2VhNGM3NDcyZjY0ZTBmZGMzMmNlNTUyMjQ4OTM2MjY4MCJ9fX0=\"}]}}}"}, "title": [{"text": "Two Billion Dollars", "color": "yellow"}], "description": {"translate": "Trade with %s.", "color": "dark_purple", "with": [{"text": "Notch", "color": "yellow"}]}, "show_toast": true, "announce_to_chat": true, "hidden": false}, "criteria": {"1": {"trigger": "minecraft:villager_trade", "conditions": {"villager": {"nbt": "{CustomName:'{\"color\":\"yellow\",\"text\":\"Markus Persson\"}'}"}}}}, "rewards": {"experience": 2000}}